loan_id,Prediction
1820492,1
1911189,0
1810135,0
1830524,0
1841464,0
1840113,0
1810321,0
1911130,0
1810997,0
1911315,1
1821124,0
1840545,0
1820432,1
1830485,1
1810024,0
1821280,0
1830638,0
1810413,0
1821096,1
1820308,0
1910006,0
1821373,0
1910400,0
1840432,0
1821472,0
1841032,0
1911350,1
1810222,1
1831473,0
1820971,1
1911355,0
1820251,0
1830079,0
1841450,0
1820288,1
1821247,0
1840957,1
1910798,1
1810610,0
1810082,0
1820838,0
1810618,0
1820993,0
1830576,0
1840653,0
1810280,1
1841442,1
1910962,0
1831390,0
1841079,0
1820320,0
1820709,0
1820683,0
1910817,0
1830758,0
1831098,0
1821155,1
1810647,1
1810278,0
1841278,0
1810889,0
1910267,0
1830997,1
1830770,0
1820225,0
1821098,0
1911242,0
1840450,0
1840332,1
1911324,0
1810530,0
1810379,0
1830316,0
1810725,1
1810762,1
1831156,0
1830860,0
1811192,1
1810673,0
1911118,0
1910684,0
1840308,0
1910826,0
1810900,1
1821221,0
1831392,0
1910337,0
1910068,0
1810040,1
1820256,0
1911146,0
1811154,0
1910050,0
1830132,1
1820524,0
1821125,0
1811284,0
1840097,0
1811460,0
1831309,0
1831225,0
1820498,1
1820615,0
1811168,0
1810938,0
1911072,0
1841123,0
1810029,0
1841053,0
1810144,0
1910889,0
1830415,0
1831179,0
1911469,0
1840779,0
1810309,1
1821440,1
1830206,0
1810251,0
1810559,1
1911093,0
1830595,0
1830001,0
1841428,1
1810794,0
1810447,1
1811288,0
1841388,1
1840391,0
1820528,0
1810513,0
1840105,0
1911112,0
1831271,0
1841271,1
1810341,0
1840837,0
1810237,0
1910992,0
1820394,0
1831131,1
1820060,0
1840423,1
1910120,0
1830727,1
1821063,1
1910115,0
1811349,0
1911055,0
1840228,0
1820682,0
1841367,0
1810598,0
1820384,1
1810633,1
1841424,0
1821050,1
1811213,0
1820917,0
1820071,0
1811030,0
1810475,1
1911011,1
1911129,0
1820651,0
1910218,0
1910946,0
1821504,1
1810218,0
1830459,0
1841065,0
1810397,0
1821148,0
1820866,1
1820001,1
1840131,0
1830085,0
1810644,0
1820812,1
1910130,0
1810057,0
1910041,0
1830360,0
1810048,0
1811079,1
1820449,1
1810021,0
1810019,0
1840728,0
1820198,0
1910194,0
1820787,0
1820907,0
1841175,0
1830073,1
1811054,0
1840441,0
1840055,0
1830608,0
1910161,0
1821176,0
1820407,0
1830411,0
1830832,0
1820772,0
1810789,1
1820789,0
1831004,0
1820566,0
1831370,0
1810766,0
1810173,0
1841397,1
1911420,0
1840351,0
1911329,0
1810855,0
1841168,0
1810120,0
1831505,1
1840378,0
1811312,0
1910650,1
1841099,1
1810726,1
1910062,1
1840794,0
1810915,1
1841511,1
1820164,0
1911154,0
1810619,0
1830445,0
1910614,0
1841086,0
1810452,0
1821154,0
1830166,0
1830401,0
1910221,0
1810532,0
1820397,0
1841185,0
1810612,0
1820141,0
1840920,0
1831311,0
1811244,1
1910198,0
1830969,0
1840108,0
1810654,1
1841354,0
1821017,0
1911292,1
1830500,0
1841483,1
1841346,0
1821177,0
1821335,0
1820976,0
1840106,0
1810399,0
1811135,0
1830154,0
1910460,0
1820574,1
1831135,0
1910587,0
1810912,1
1820235,0
1830322,0
1831399,0
1841281,1
1840521,0
1910010,0
1811404,0
1910963,1
1840388,1
1840356,0
1840199,0
1830827,0
1840431,0
1811260,0
1840506,0
1821113,0
1820259,0
1841350,0
1910316,1
1820639,0
1840207,0
1841519,0
1810593,0
1810148,0
1911122,0
1821225,0
1830283,0
1910892,1
1841211,0
1840585,0
1810991,0
1910426,1
1841067,1
1821507,0
1820759,1
1810779,1
1810070,0
1811313,0
1811179,0
1831418,0
1841128,0
1830331,0
1840142,0
1810962,0
1821133,0
1821392,1
1910630,0
1830543,0
1911414,0
1841527,1
1810232,1
1830006,1
1910015,0
1820252,0
1811497,1
1910153,1
1910223,0
1811055,1
1841253,1
1911016,0
1821402,0
1830495,0
1911334,0
1811295,0
1910576,0
1841419,0
1910163,0
1830782,1
1830494,0
1820937,1
1820162,0
1820077,0
1830732,0
1811266,0
1811209,0
1831132,0
1840503,1
1830695,0
1840496,0
1840669,0
1810837,1
1810587,0
1821414,0
1810710,0
1821220,0
1820927,0
1830609,0
1911425,0
1910851,0
1810273,0
1821492,1
1810986,0
1810298,0
1841364,0
1830872,0
1910801,0
1810014,0
1810113,0
1841051,1
1820721,0
1841220,1
1820510,0
1911159,0
1810550,1
1810363,0
1910783,0
1811443,0
1841176,0
1820773,1
1910984,1
1810931,0
1821081,0
1811196,1
1830267,0
1830580,0
1820834,0
1811238,0
1810734,0
1810781,0
1840912,0
1830386,0
1810953,0
1841201,0
1810315,1
1821105,0
1831429,0
1841061,0
1831296,0
1910208,0
1841377,0
1831306,0
1841402,0
1910389,0
1820340,0
1820315,0
1911083,1
1830869,1
1840978,0
1830689,0
1841403,0
1840225,0
1841042,0
1840929,0
1840124,1
1841394,0
1820730,0
1910059,0
1831032,1
1820767,0
1820445,0
1910554,0
1840916,0
1830270,0
1910619,1
1821419,1
1830698,1
1811018,0
1911151,0
1840956,0
1820429,1
1811231,1
1831292,0
1840117,0
1840679,0
1821311,0
1820192,0
1911304,0
1820031,1
1820074,0
1820961,0
1830762,0
1820106,0
1831126,0
1830815,0
1910187,0
1910002,0
1910671,0
1821467,0
1810223,0
1910134,0
1811292,0
1840831,1
1840690,0
1910192,1
1830512,0
1831058,1
1830323,0
1811413,0
1820246,0
1820347,1
1831350,0
1830725,0
1840795,0
1830690,0
1840661,0
1910973,1
1830121,0
1811484,1
1910957,0
1911388,0
1831065,0
1820195,0
1810799,1
1820412,1
1840188,0
1830520,0
1820326,0
1840200,1
1820575,0
1911071,0
1830043,0
1830369,0
1910609,1
1830417,1
1810591,0
1840830,0
1911331,0
1810886,0
1811340,0
1841286,0
1841335,0
1810790,0
1840504,0
1840458,0
1810709,1
1830176,0
1830780,0
1810796,1
1811483,1
1831391,0
1811457,0
1820786,0
1840995,0
1821450,1
1840456,1
1841088,1
1841316,0
1820597,0
1830116,0
1911147,0
1811300,1
1831072,0
1910076,0
1821328,0
1840168,1
1910598,0
1831254,0
1910990,0
1841118,0
1820124,0
1841218,0
1811165,0
1810375,1
1830439,0
1820936,1
1820328,0
1910859,1
1810571,0
1840467,0
1910162,0
1910046,0
1910259,0
1810234,0
1820704,0
1810849,0
1811369,0
1840621,0
1840609,0
1830767,0
1841425,0
1821244,1
1840401,0
1811050,0
1831019,0
1821248,0
1910438,1
1820153,1
1841356,0
1820757,0
1810226,0
1911077,0
1821232,0
1910689,0
1821080,0
1831221,1
1831281,0
1911120,0
1830210,1
1910406,0
1830941,1
1821140,0
1820788,0
1810631,1
1830823,0
1820436,0
1830174,0
1820015,0
1840358,0
1831093,0
1820457,0
1840236,0
1840688,0
1830621,0
1810754,0
1821170,0
1841196,0
1911445,0
1910387,0
1830178,1
1810242,0
1830468,0
1810049,0
1831469,0
1841269,0
1840865,0
1910423,0
1840897,0
1810422,0
1840272,0
1811424,0
1810434,0
1820913,1
1910009,0
1840654,0
1830933,1
1840924,1
1811023,1
1810651,0
1820026,0
1821203,1
1840274,0
1810895,0
1830086,0
1910340,1
1910531,0
1811321,0
1810002,0
1810059,0
1840243,0
1830511,0
1831288,0
1811479,0
1820828,0
1810825,1
1831127,0
1910838,0
1830791,0
1910546,0
1821431,0
1821403,1
1811220,1
1911418,0
1840288,0
1910558,0
1821157,0
1910441,0
1910659,0
1840297,0
1911010,1
1910364,0
1911480,0
1910922,0
1810115,0
1830773,0
1830591,0
1820165,0
1831158,0
1811389,0
1911405,1
1830372,0
1811261,0
1840662,0
1840805,0
1840732,0
1910571,1
1840861,0
1830229,0
1831415,1
1910201,1
1840005,1
1820552,0
1910434,0
1820960,0
1811305,0
1840075,0
1820761,0
1910045,0
1821235,0
1841236,1
1911247,0
1810576,0
1821427,0
1841172,0
1820245,0
1840564,1
1820910,0
1821447,0
1840263,0
1821184,0
1810821,0
1820724,0
1911454,0
1841382,0
1810129,0
1820986,1
1831111,0
1810538,0
1830836,0
1820635,1
1821257,0
1810485,0
1830157,0
1910952,0
1910552,0
1810350,1
1841338,0
1831005,0
1821198,0
1830509,0
1821347,0
1810824,0
1830377,1
1811066,1
1830456,0
1910577,0
1830108,0
1821300,0
1820958,0
1830536,0
1910701,0
1831062,1
1830441,1
1840240,0
1820904,1
1830564,0
1910172,0
1820336,0
1811052,0
1840678,0
1821331,1
1820168,1
1821283,1
1911505,0
1830998,0
1841063,0
1821430,0
1840946,0
1810778,1
1821138,0
1810166,1
1831091,0
1820703,0
1810213,0
1820039,0
1810245,0
1840532,0
1821171,0
1841411,1
1831301,0
1911015,0
1841256,0
1910285,0
1810744,0
1810498,0
1840175,0
1831279,0
1910657,0
1831422,1
1830583,0
1821205,0
1840751,1
1820455,0
1821200,0
1830050,0
1820715,1
1821070,0
1820687,0
1841237,0
1810839,0
1910510,0
1831431,0
1810971,0
1820327,0
1821456,1
1840889,0
1820771,0
1821199,0
1831387,1
1831363,0
1910901,0
1810716,0
1831510,0
1840157,0
1810804,0
1840649,0
1841475,0
1840901,0
1830943,0
1831237,0
1840210,0
1820888,0
1840318,0
1841015,0
1820403,0
1840620,0
1810937,0
1820488,1
1820728,0
1841361,0
1840592,0
1840073,1
1810768,1
1831495,0
1831308,0
1820346,0
1820283,0
1840711,0
1811282,0
1820316,1
1830950,0
1810811,0
1821094,0
1830224,1
1820780,1
1830594,0
1840136,0
1831353,0
1840942,0
1820513,0
1831395,0
1841484,0
1911337,0
1831488,1
1830568,0
1810681,0
1910948,0
1821416,0
1840151,0
1811429,0
1820921,0
1841362,1
1811005,1
1820236,1
1841490,1
1910623,0
1830612,0
1810878,0
1910416,0
1810955,0
1810195,0
1820797,0
1840739,0
1820526,0
1910295,0
1840167,0
1810207,0
1821470,1
1911185,0
1840031,1
1841486,0
1911254,0
1811061,0
1830089,0
1831289,0
1911312,0
1830358,0
1810572,0
1830282,0
1820997,1
1821429,0
1810072,0
1840392,1
1830246,0
1910169,0
1811326,0
1820753,1
1820672,0
1830562,1
1811440,0
1910175,0
1810805,0
1841158,0
1810549,0
1811096,0
1831121,1
1830057,0
1910319,0
1841321,0
1840686,0
1810396,0
1811086,0
1810414,0
1811276,0
1810951,1
1910445,1
1910014,0
1820764,0
1841280,0
1830624,0
1820483,0
1911113,0
1810814,1
1820211,1
1830637,0
1831187,1
1820373,1
1840984,0
1811129,0
1811191,0
1830705,0
1810738,0
1820781,0
1810584,0
1811311,0
1811064,0
1820666,1
1821128,1
1840393,0
1810043,0
1811003,0
1820276,0
1820900,0
1831341,1
1840362,0
1840237,0
1830893,0
1830952,1
1820145,0
1831010,1
1841165,0
1820239,0
1810877,0
1841135,0
1821407,1
1820324,0
1830786,1
1830589,0
1830427,0
1911314,0
1831256,0
1811160,1
1810527,0
1831320,0
1910293,1
1830122,0
1840885,0
1840864,0
1911277,0
1830460,0
1821174,0
1810891,0
1911009,0
1810772,1
1820370,1
1840994,0
1831045,0
1831388,0
1911156,1
1910350,1
1840834,0
1811186,1
1840853,0
1820643,0
1910782,0
1830135,1
1831314,0
1830590,1
1811381,0
1911453,1
1830995,1
1910969,1
1811323,0
1810398,1
1830602,0
1820485,0
1810735,0
1820610,0
1911333,0
1830874,0
1810519,1
1830091,0
1911503,0
1841246,0
1831102,0
1911180,0
1820439,0
1840908,0
1830754,0
1840926,1
1831324,0
1820691,0
1810558,0
1820711,1
1811215,1
1831331,0
1910687,0
1820438,0
1810623,0
1830342,1
1810919,0
1821372,1
1810764,0
1830161,0
1840882,0
1911061,0
1830341,0
1840635,0
1840833,0
1841530,0
1820894,0
1821018,0
1811307,0
1911313,1
1840580,1
1810066,0
1820175,0
1830664,0
1820368,0
1840303,0
1820241,0
1830371,1
1820421,0
1911370,0
1841173,0
1821435,0
1840615,0
1810597,0
1810405,0
1910528,1
1810625,0
1810639,0
1840291,0
1841454,0
1821415,0
1820287,0
1911410,0
1811251,0
1821015,1
1830749,0
1821263,0
1820207,0
1911432,1
1831107,1
1811027,0
1830126,1
1910402,0
1810653,1
1911108,0
1840583,1
1911212,0
1910157,0
1821394,0
1910351,1
1910128,1
1840904,1
1821461,1
1840366,1
1821408,0
1910264,0
1811281,0
1910158,0
1820944,0
1841520,1
1810316,0
1840610,0
1840943,0
1821134,0
1810539,0
1910582,0
1810480,0
1910855,0
1810259,1
1820869,0
1821193,0
1810346,1
1820796,0
1810994,1
1820895,0
1810340,0
1810354,0
1840708,0
1910499,1
1910074,0
1810046,0
1910532,1
1910909,0
1840409,0
1811426,0
1831377,0
1820372,0
1840601,0
1841292,0
1810235,1
1821264,0
1840866,1
1831430,0
1811171,0
1810047,0
1820093,0
1830858,1
1911461,1
1830186,0
1840514,0
1910824,0
1910102,0
1810151,0
1831438,0
1811119,0
1820899,1
1830890,0
1831209,1
1830153,1
1810671,1
1810101,0
1811175,0
1841257,0
1840326,1
1820277,0
1831267,0
1821059,0
1810064,0
1910778,1
1841400,0
1841225,0
1821326,0
1911424,0
1830252,1
1910829,0
1810493,0
1811464,1
1820176,0
1841460,0
1810487,1
1840848,0
1910757,0
1820381,0
1910858,0
1820587,1
1810454,0
1910287,0
1820232,0
1830249,0
1810896,0
1811337,0
1831162,0
1841406,0
1910520,0
1831497,0
1910390,0
1911126,0
1821379,1
1911115,0
1840053,1
1820409,0
1911250,1
1820968,0
1830400,0
1821313,0
1820061,0
1910384,0
1810459,0
1910866,1
1910878,0
1830301,0
1830017,0
1830713,0
1910073,1
1820911,0
1911023,0
1840065,0
1911443,1
1830895,0
1840465,0
1810329,1
1841167,0
1820378,0
1841013,0
1830484,0
1821249,1
1910506,0
1840348,0
1820274,0
1830222,0
1840646,0
1810554,0
1841066,0
1821093,0
1810208,0
1810960,1
1820337,1
1910693,0
1910328,0
1911273,0
1910828,0
1830367,0
1811000,0
1910645,1
1830107,0
1910629,0
1841287,0
1811388,0
1841073,0
1831043,1
1910196,0
1840590,0
1831023,1
1911332,1
1820116,1
1910919,1
1821039,0
1840617,0
1830913,0
1911187,0
1811465,1
1830569,0
1830658,0
1820223,0
1840771,0
1840249,0
1911050,0
1830871,0
1811146,0
1841243,1
1820508,0
1810132,0
1830355,0
1820979,0
1821369,0
1820719,0
1831138,0
1910279,0
1821207,0
1831286,0
1830253,0
1910813,0
1840518,0
1910972,0
1810846,0
1830256,0
1820678,0
1810470,0
1820875,0
1830005,0
1910382,1
1831030,0
1830180,0
1821099,0
1831255,0
1810842,1
1840793,0
1841264,0
1811036,1
1841080,1
1820853,0
1910017,0
1840066,1
1910230,1
1811272,0
1831029,1
1810521,0
1910036,0
1840020,1
1820746,1
1821281,0
1820723,0
1810689,0
1841495,0
1830625,0
1820804,0
1820127,1
1820679,1
1810627,0
1820139,0
1830722,1
1820846,1
1820947,0
1840004,0
1830295,0
1810297,1
1831175,0
1830866,0
1810893,0
1831335,1
1811318,0
1821204,0
1840541,0
1810609,1
1811418,1
1810404,0
1840193,1
1821262,1
1841498,0
1840371,0
1811062,0
1840107,0
1811150,0
1831263,0
1831423,0
1840382,0
1810442,0
1810086,0
1821282,1
1830908,0
1820619,0
1821361,0
1840677,0
1840307,0
1820902,0
1910284,1
1840183,0
1911171,0
1820048,1
1840948,1
1841136,0
1910055,1
1830700,0
1911349,0
1910428,0
1910277,0
1840757,1
1841344,0
1830585,0
1841111,0
1820055,1
1840295,0
1831474,0
1911310,0
1820330,0
1840537,1
1810874,0
1810042,0
1810214,0
1831080,0
1820975,0
1911218,1
1841190,0
1810632,1
1830036,1
1831417,0
1830704,0
1821103,0
1830571,1
1910930,0
1820735,1
1831144,0
1830526,0
1820317,0
1910704,1
1911426,0
1841254,0
1911496,0
1811077,0
1911342,0
1910127,0
1821438,0
1820697,0
1811448,1
1810034,0
1830347,0
1820180,1
1831157,0
1841391,0
1820059,0
1811047,0
1841399,1
1810575,0
1840047,0
1841313,0
1841389,1
1910839,0
1821116,1
1830344,0
1810112,0
1820310,0
1840147,0
1830191,0
1830651,0
1840844,0
1910451,0
1820792,0
1910180,0
1820984,0
1821082,0
1910677,1
1811299,0
1830060,0
1831486,0
1840355,0
1821502,1
1831163,0
1810905,0
1820203,0
1910894,0
1830567,0
1911052,0
1910016,0
1830046,0
1811002,1
1820345,0
1840238,0
1840911,0
1810801,0
1820133,1
1821005,0
1820533,0
1840687,0
1910968,0
1830383,1
1911090,0
1820089,0
1821044,0
1811037,0
1810183,0
1820065,0
1910754,0
1810727,0
1911066,0
1830437,0
1910203,0
1830835,0
1810139,0
1830436,0
1811441,1
1820696,0
1830165,1
1811245,1
1831112,0
1910762,0
1910202,0
1831287,1
1820270,0
1810290,1
1911173,0
1911215,0
1811423,1
1811436,1
1830755,1
1830194,1
1910136,0
1810133,1
1841025,0
1820054,0
1910247,0
1820052,1
1820892,0
1910178,0
1820509,1
1841336,0
1810573,0
1831070,0
1841043,0
1811142,0
1811049,0
1821230,1
1841470,1
1811287,0
1911475,0
1840260,0
1811303,0
1911086,0
1840292,0
1831216,0
1820495,0
1910597,0
1821365,0
1821410,0
1830339,0
1811356,0
1840120,0
1910085,0
1840746,0
1830856,0
1910581,1
1830783,0
1821317,0
1830834,0
1820379,0
1840710,0
1811167,0
1830560,1
1841044,0
1821151,0
1910270,0
1830771,1
1820322,0
1810746,0
1911175,0
1810934,0
1840474,0
1821195,0
1911164,0
1830864,0
1810830,1
1840622,0
1830081,0
1910544,0
1911142,0
1910206,0
1840951,0
1820964,0
1910476,1
1830539,0
1910874,1
1841513,1
1811221,0
1830061,0
1840129,1
1911236,1
1830535,0
1830172,0
1820358,0
1840721,0
1810334,0
1841232,1
1840893,0
1831166,0
1810104,0
1841094,0
1910989,0
1831082,0
1911145,0
1840589,0
1910772,0
1821187,0
1820469,0
1820131,0
1840276,0
1821351,1
1910057,0
1910430,0
1840296,0
1830691,0
1830572,0
1821150,0
1830663,0
1910676,0
1911483,0
1820905,1
1911397,0
1820138,0
1811377,0
1910348,0
1810255,0
1911202,1
1820602,0
1820654,0
1840987,1
1910439,0
1821186,0
1910121,0
1830877,1
1830214,0
1830854,1
1831236,0
1840198,0
1911191,1
1810294,0
1840640,0
1830042,0
1911207,0
1810392,0
1820196,0
1910927,0
1820837,0
1820749,0
1910467,0
1811396,0
1910654,0
1821458,0
1840823,0
1840347,1
1830824,1
1830554,0
1910075,0
1820028,0
1820584,0
1831115,0
1840703,0
1910730,1
1910681,0
1831291,0
1910601,1
1810001,1
1840192,1
1821087,0
1830730,0
1810580,0
1910347,0
1910424,1
1911279,0
1820160,0
1811341,0
1841089,0
1820460,0
1830601,1
1830747,1
1820400,0
1820731,1
1820645,0
1810993,1
1840036,0
1910380,1
1840674,0
1840443,0
1820478,0
1810134,0
1840202,0
1830395,1
1910197,0
1910488,0
1821267,1
1811378,1
1821459,0
1840921,0
1810312,0
1810277,0
1910207,0
1810546,0
1821067,0
1840094,0
1911478,0
1811044,0
1820494,0
1820479,0
1810935,0
1830685,0
1831364,0
1831189,0
1820490,1
1840820,0
1830910,1
1820420,0
1831035,0
1911095,0
1830125,1
1831290,0
1841202,0
1910886,1
1810854,0
1840487,0
1830667,0
1810030,0
1830145,0
1821212,1
1840100,0
1811456,0
1810802,1
1820538,0
1810662,1
1831152,0
1840685,0
1810264,0
1820487,0
1910374,0
1810376,0
1831110,0
1911044,0
1840442,0
1810867,0
1911216,0
1821020,0
1810695,1
1910560,0
1830493,0
1830134,1
1820468,0
1820046,1
1811205,0
1810666,1
1840630,0
1911357,0
1821216,0
1810816,1
1910251,1
1910027,0
1810785,0
1840159,0
1910160,0
1910093,0
1810338,0
1831231,0
1830574,0
1910170,1
1810784,0
1911487,0
1911214,0
1840337,1
1820983,0
1830708,0
1910810,0
1910765,0
1840475,0
1830071,0
1810387,0
1820088,1
1811283,0
1910513,1
1810858,1
1820732,1
1911138,0
1910248,0
1821423,1
1821315,0
1910751,0
1840179,0
1840515,0
1811004,0
1820369,0
1820881,0
1821354,0
1831013,0
1830932,0
1821183,0
1821045,0
1830532,0
1831372,0
1821226,0
1820590,0
1840791,0
1830127,0
1821468,1
1830955,0
1810395,1
1821061,0
1820151,0
1810968,0
1811239,0
1840634,1
1830733,0
1810080,0
1820577,0
1831407,0
1830198,0
1821298,0
1840671,0
1810641,0
1841488,0
1820903,1
1830639,0
1820454,1
1831321,0
1820399,0
1911153,0
1821309,0
1820481,0
1831455,0
1841049,0
1820608,0
1831223,0
1841473,0
1810848,0
1830936,0
1830849,1
1831445,0
1830565,0
1910174,0
1810628,0
1831057,1
1831298,1
1910388,0
1910181,0
1910905,1
1911012,0
1810417,0
1910255,0
1911344,0
1830945,1
1810224,0
1910966,0
1810174,0
1830578,0
1811375,0
1831047,0
1821302,0
1840565,0
1830035,0
1811254,0
1810194,0
1910453,0
1910646,0
1831349,0
1841193,0
1841417,1
1811206,0
1910741,1
1820655,0
1810257,1
1910596,0
1910321,0
1841230,0
1811478,0
1830711,0
1840321,1
1840398,0
1811225,0
1811398,0
1831206,0
1820756,1
1830447,0
1910028,0
1840215,0
1811016,0
1830987,0
1810286,0
1840776,0
1830366,0
1811143,0
1910482,0
1831453,0
1910495,1
1910942,0
1811113,0
1841500,0
1821246,0
1811442,0
1810241,0
1910435,0
1810892,0
1820758,0
1830290,0
1910616,0
1840164,1
1910897,0
1820009,0
1811040,0
1811112,0
1840815,1
1841070,1
1910564,0
1830084,0
1911177,0
1911206,0
1830702,1
1831506,1
1840205,0
1831470,0
1840953,1
1820594,0
1841137,0
1841491,1
1820159,0
1840940,0
1840536,0
1830402,0
1820113,0
1810853,1
1910335,1
1810035,0
1840535,0
1820851,0
1840709,0
1840412,0
1830642,1
1820988,0
1810500,0
1841247,1
1811089,0
1831248,0
1820285,0
1830115,0
1820521,0
1810835,1
1821218,0
1911473,0
1820884,0
1810509,0
1811228,1
1820701,0
1810974,0
1820657,0
1840663,0
1910647,0
1831464,0
1830278,1
1840748,0
1910022,0
1810141,0
1810097,0
1810577,1
1810090,1
1831036,1
1841371,0
1810646,0
1840428,0
1840832,0
1830694,0
1840867,0
1810488,0
1840813,0
1830848,0
1840121,0
1841187,0
1830761,0
1841133,0
1910816,0
1841282,0
1820795,0
1840471,1
1831406,0
1810177,0
1830883,0
1910299,1
1821337,0
1811320,0
1810606,1
1811212,1
1830502,0
1841036,0
1841461,0
1910575,0
1821360,0
1840714,0
1911383,0
1911339,0
1841116,0
1840145,1
1831426,1
1811145,0
1910688,0
1820824,1
1820855,0
1830721,1
1840278,1
1820307,0
1910107,0
1840330,0
1840264,0
1840991,1
1831129,0
1811488,0
1810358,0
1830387,0
1910939,0
1910877,1
1811289,0
1820806,0
1911457,0
1910997,1
1840551,0
1830008,0
1840947,0
1811476,0
1810249,0
1841524,0
1830918,0
1910246,0
1810482,0
1810172,0
1831376,0
1810378,1
1911395,0
1811490,0
1841467,0
1820200,0
1840789,0
1810820,0
1841374,0
1840683,1
1810311,0
1810780,0
1840498,1
1830516,1
1910865,0
1910915,0
1840826,0
1810351,0
1820525,0
1840287,1
1811475,0
1820448,1
1911057,1
1911270,0
1811474,0
1911267,0
1821493,0
1820518,0
1810145,1
1911486,0
1831120,0
1910431,0
1840182,0
1821147,0
1810944,0
1820819,1
1840313,0
1830492,0
1810769,0
1831449,0
1910590,1
1831352,1
1820186,0
1840417,0
1821043,0
1810301,0
1910760,0
1841510,0
1811035,1
1810557,0
1820101,1
1831396,0
1911231,0
1820962,1
1820923,0
1840102,0
1821433,1
1841412,0
1910739,0
1820933,0
1811195,0
1830573,1
1810526,0
1810429,0
1831322,1
1910958,0
1821058,0
1820517,0
1820560,1
1840285,0
1830681,0
1810793,0
1810432,0
1810638,0
1910832,1
1831304,0
1831241,0
1841265,0
1910551,0
1910599,1
1810840,0
1820693,0
1840898,1
1911155,0
1841380,0
1840068,0
1910774,1
1910902,1
1810721,1
1841437,1
1830309,0
1820319,0
1820946,0
1830939,0
1840265,0
1830138,0
1820550,1
1911000,1
1831312,0
1821213,0
1820233,0
1830349,0
1831094,0
1830888,0
1820624,0
1840966,0
1831439,1
1841152,0
1831194,0
1810423,0
1820501,0
1840629,0
1840689,0
1820690,0
1810147,0
1840339,0
1840062,0
1840626,0
1910064,1
1810156,0
1911369,0
1910595,1
1821362,0
1841447,1
1820034,0
1820105,0
1840800,0
1830065,0
1841436,0
1830466,0
1830523,1
1810635,0
1821336,1
1811324,0
1841372,0
1831016,1
1830435,0
1830581,0
1820930,1
1840808,0
1830920,0
1830665,0
1840171,0
1831300,1
1830286,0
1810114,1
1910494,0
1911117,0
1821363,0
1830228,0
1810190,1
1820673,0
1910625,0
1830794,0
1820830,0
1821027,0
1841215,0
1810469,0
1811358,0
1910149,1
1910427,0
1830465,0
1821388,0
1840013,0
1911068,0
1840582,0
1830190,0
1820969,0
1820929,0
1841480,0
1840411,0
1840310,0
1830265,0
1831008,0
1830388,0
1840128,0
1811053,0
1810230,0
1910658,0
1820199,0
1830958,0
1840871,0
1830779,1
1910053,0
1831197,0
1830547,1
1810585,0
1840643,0
1810110,0
1840369,1
1841233,1
1840166,0
1811110,0
1810857,0
1841318,0
1830192,0
1830189,1
1910514,1
1820779,1
1910398,0
1911085,0
1830807,0
1820502,0
1810517,0
1810787,1
1830329,0
1840744,0
1821019,0
1911114,1
1811463,1
1811265,1
1910924,0
1810663,1
1910355,0
1840990,0
1840512,0
1841315,0
1910226,0
1820204,0
1830164,0
1820542,0
1910110,0
1810198,0
1830488,1
1820208,1
1910123,0
1810751,1
1821294,0
1840253,1
1831414,0
1820012,0
1820985,0
1831332,1
1821308,0
1911022,0
1811226,1
1841231,0
1810975,0
1840174,0
1840907,0
1830398,0
1831503,0
1840612,0
1820585,0
1840530,0
1910168,0
1821436,0
1910486,0
1820803,1
1811210,0
1841293,0
1820144,0
1820271,0
1831444,1
1811346,1
1910262,1
1840363,0
1810563,1
1830473,0
1830158,0
1830023,0
1821214,0
1831274,0
1811243,0
1830454,0
1810377,0
1820361,1
1831083,0
1841096,0
1831319,0
1840525,0
1910071,0
1811081,0
1840480,0
1910896,0
1840883,1
1831114,0
1830321,0
1820554,0
1840067,1
1811022,1
1810514,0
1830778,0
1830362,1
1830734,0
1810750,0
1830811,0
1910058,1
1830039,0
1841001,0
1830934,0
1840305,1
1840397,0
1910542,0
1810353,0
1840223,1
1810748,0
1911459,0
1811043,0
1910734,1
1840571,0
1830992,1
1811368,0
1811485,0
1830361,0
1840835,0
1821152,0
1830814,0
1821443,0
1820152,0
1910578,0
1810022,0
1910302,0
1841334,0
1820531,1
1831512,0
1910547,0
1910718,0
1820184,0
1820581,0
1830803,1
1830729,0
1820906,0
1820896,0
1910069,0
1811155,0
1820043,0
1841100,1
1910411,1
1841275,0
1911033,0
1810438,0
1911398,0
1841244,0
1840741,0
1840507,0
1911070,0
1840715,0
1831066,0
1821320,0
1810220,1
1810455,0
1820827,0
1840259,0
1831001,0
1840056,0
1830030,0
1820681,0
1820142,1
1810199,0
1830861,0
1911244,0
1830100,0
1841157,0
1911413,0
1811230,0
1910266,0
1811382,0
1810701,0
1810443,0
1911152,0
1910212,0
1821385,0
1831328,0
1810056,1
1831146,0
1841005,0
1821224,0
1810426,0
1840336,1
1830772,1
1910040,1
1840843,1
1910557,0
1821259,0
1811240,0
1840724,0
1810604,0
1831193,0
1811451,1
1810069,0
1821029,1
1910764,0
1911404,0
1820301,0
1810910,1
1821162,0
1810345,1
1841504,0
1820653,0
1840886,1
1810922,1
1820856,0
1911379,0
1820733,0
1811242,0
1841016,0
1840279,0
1830324,0
1911041,0
1821071,1
1910742,0
1830219,0
1811116,0
1811264,0
1910220,0
1910037,0
1810621,0
1911262,0
1810215,0
1831109,1
1840493,1
1810757,0
1910392,0
1841499,0
1840770,1
1911196,1
1820354,0
1820070,0
1831318,0
1810202,0
1840749,0
1810083,0
1810982,0
1820461,0
1840085,0
1820935,0
1831210,0
1910694,0
1810103,0
1811383,0
1820202,0
1840061,0
1910066,0
1820040,0
1841003,0
1910250,0
1810095,0
1811450,0
1810390,0
1810704,0
1830016,0
1840217,0
1840696,0
1821164,0
1820066,1
1840195,1
1910724,0
1910306,0
1911269,0
1820600,1
1810712,0
1830215,0
1830220,0
1841408,0
1811015,0
1841272,1
1841113,0
1820006,0
1821496,1
1910675,1
1810209,0
1820243,1
1841240,1
1830867,0
1810295,0
1811393,0
1910695,1
1840357,0
1830707,0
1830776,0
1810665,0
1811384,0
1821384,1
1831134,0
1910023,0
1840700,0
1840384,0
1820452,0
1811108,0
1820037,0
1840091,0
1831178,0
1831373,0
1811139,0
1911318,0
1910394,0
1830143,0
1910263,1
1810383,0
1810686,0
1841274,0
1820716,0
1830236,0
1820689,1
1810616,0
1820349,0
1841255,1
1830548,0
1911316,0
1810362,0
1830541,0
1840876,0
1840651,0
1810306,0
1840019,1
1830557,0
1841283,0
1911102,0
1830333,0
1911229,0
1811304,0
1840727,1
1911002,0
1821120,0
1811406,0
1910353,0
1911394,1
1910970,0
1910024,0
1820527,0
1820617,0
1811214,0
1840641,0
1831087,1
1910078,0
1811408,0
1910869,1
1831048,0
1811329,0
1910179,0
1841178,0
1810415,0
1810026,0
1841027,0
1811071,0
1820122,0
1810003,0
1810189,0
1910308,1
1911035,0
1911346,0
1811184,1
1811173,0
1810052,0
1810537,0
1810556,0
1820965,0
1811306,0
1911220,1
1830818,0
1821023,0
1910422,0
1830027,0
1830376,0
1840025,0
1841166,0
1910794,1
1811059,0
1831342,0
1840869,0
1820072,0
1830831,0
1820250,0
1841414,0
1820352,0
1910099,0
1831295,0
1831359,0
1910261,0
1811200,0
1831196,0
1820821,0
1830325,0
1821378,0
1910349,0
1821390,0
1810484,0
1811285,1
1841181,0
1820603,0
1810898,0
1811091,0
1841163,0
1810607,0
1810004,0
1810310,1
1910334,0
1840796,1
1820229,0
1841368,1
1841148,0
1831501,0
1811128,0
1821178,0
1831078,0
1830510,0
1820489,0
1910943,0
1840845,0
1830394,0
1811202,0
1810636,0
1821412,0
1820289,1
1910987,0
1830287,1
1831205,1
1820989,0
1820206,0
1840719,0
1811033,0
1820163,0
1840816,0
1810626,0
1810123,1
1820621,0
1910852,1
1841038,0
1911040,0
1830308,1
1910888,0
1910294,0
1840169,0
1831051,1
1811063,0
1810472,1
1830451,0
1840116,0
1820426,0
1910954,0
1810564,1
1840780,1
1820567,0
1810776,0
1840933,0
1811401,0
1830972,1
1831283,0
1810933,0
1810149,0
1820090,0
1820377,0
1841077,0
1910871,0
1830731,0
1811394,1
1810956,1
1810901,0
1821097,0
1841149,0
1830234,0
1831227,1
1911182,0
1910109,0
1910313,0
1820800,0
1820778,0
1910459,0
1830892,0
1910862,0
1830507,0
1831424,0
1840022,0
1811183,0
1820418,0
1840755,0
1811255,0
1810908,0
1910633,0
1830350,1
1810586,0
1830928,0
1810630,1
1820734,1
1840667,0
1821307,0
1831002,0
1820592,0
1911162,0
1820329,0
1910726,0
1840146,0
1910386,0
1910950,0
1910067,1
1840360,0
1830527,0
1840033,0
1820465,1
1821252,1
1811115,0
1910211,0
1821090,0
1820572,0
1821242,0
1811017,0
1810983,1
1811025,0
1831170,0
1831064,0
1831147,0
1910976,0
1840309,0
1820784,0
1840410,1
1810044,1
1910600,0
1840293,0
1910273,1
1810844,1
1830188,0
1830021,0
1820360,0
1910584,0
1811014,0
1820365,0
1820413,0
1810851,0
1821208,1
1911450,0
1910814,0
1910253,0
1841373,0
1821228,0
1810062,0
1820102,0
1830633,0
1810699,0
1841206,1
1830757,0
1820356,0
1840682,0
1831358,0
1810683,0
1840486,0
1841434,0
1831323,0
1910660,0
1810327,1
1910864,0
1910941,0
1830384,0
1910636,1
1840203,1
1910310,0
1910142,0
1841452,1
1841518,0
1830148,1
1821083,0
1820940,0
1830082,0
1820261,0
1820559,0
1810520,0
1910240,0
1910421,0
1911428,1
1811114,0
1831100,0
1811082,0
1840016,0
1820114,0
1840524,0
1821289,0
1911233,0
1811176,1
1910327,0
1811246,0
1810578,1
1840593,0
1910365,0
1831382,0
1841238,1
1811314,1
1840931,0
1840756,0
1830413,0
1841093,0
1841141,0
1840328,0
1911434,0
1831000,1
1841514,0
1910034,0
1830809,0
1911492,0
1840616,0
1840306,0
1910081,1
1830193,0
1840840,0
1810005,0
1820932,0
1911311,0
1830244,1
1840478,0
1840227,0
1840878,0
1810512,0
1811365,0
1830152,0
1830537,0
1811093,0
1820453,1
1840437,0
1910918,1
1831103,0
1841210,0
1911371,0
1830552,0
1910092,0
1840314,0
1840076,1
1810501,0
1910213,0
1821144,0
1841506,1
1820166,0
1821391,0
1911403,0
1910132,0
1831334,0
1820021,1
1840054,0
1811156,0
1840139,0
1830680,0
1840586,0
1830199,1
1831361,0
1911402,1
1830802,0
1841002,0
1910480,0
1910837,1
1821327,0
1910573,0
1830911,1
1820650,0
1911291,0
1830508,0
1840983,0
1830598,0
1840602,0
1820242,0
1821393,0
1811208,0
1841279,0
1820221,0
1911028,0
1821231,0
1910489,0
1840672,0
1910818,0
1910098,0
1910910,0
1820763,0
1810457,0
1910648,0
1811480,0
1811181,0
1830982,0
1810300,0
1811410,1
1911059,0
1810736,0
1810091,0
1910457,0
1820850,0
1911132,0
1820424,1
1810589,0
1911063,0
1840526,0
1911020,0
1830551,0
1910913,0
1810797,0
1830865,0
1841396,0
1830634,0
1910286,0
1840854,0
1821054,0
1841330,0
1831199,0
1811278,1
1910612,1
1841023,0
1820982,0
1821048,0
1840584,0
1830629,0
1810324,0
1821117,0
1831478,0
1911197,0
1820688,0
1820922,1
1810038,0
1840875,0
1820565,0
1830615,0
1821469,0
1830015,1
1840967,0
1810474,0
1810483,1
1841169,0
1810930,0
1821211,0
1840730,0
1830177,0
1910315,0
1910908,0
1830304,1
1910239,0
1840050,1
1820027,0
1911030,0
1830842,0
1820978,0
1830216,0
1810806,0
1821102,0
1810579,1
1810871,0
1811169,0
1910137,0
1910126,1
1830891,1
1810087,0
1910811,0
1810385,0
1821051,1
1831219,0
1830231,0
1821089,0
1810747,0
1910493,0
1831369,0
1820385,0
1810952,0
1910907,0
1820770,1
1810894,0
1820519,0
1830419,0
1821237,0
1811133,0
1811109,0
1910063,0
1841083,0
1840261,1
1910304,0
1810071,1
1841151,0
1830281,0
1840544,0
1820700,1
1840354,0
1911167,0
1811379,0
1840039,0
1841512,0
1810614,0
1830263,0
1910931,1
1840098,0
1840588,0
1830450,0
1831454,0
1840312,1
1830766,0
1820652,1
1910655,0
1820305,1
1821206,0
1840115,0
1840368,0
1820299,0
1910147,0
1910276,0
1830599,1
1820561,1
1910846,0
1820298,0
1831460,1
1820312,1
1810879,0
1821254,1
1910103,0
1840208,0
1840262,0
1830338,0
1820227,1
1911183,0
1911364,0
1811021,1
1810009,0
1841259,0
1811325,0
1910539,0
1820240,1
1810667,1
1830109,0
1821158,0
1840222,0
1821223,1
1821478,1
1841288,0
1821290,0
1830558,0
1830549,0
1840691,0
1820019,1
1840648,0
1811026,0
1910706,1
1910536,0
1821434,0
1821001,0
1811487,0
1821030,0
1841228,0
1820392,0
1810981,0
1810246,1
1820908,0
1810160,0
1820644,0
1840130,0
1810239,0
1910358,0
1810212,0
1810739,0
1811216,0
1830795,0
1831471,0
1840572,0
1811131,1
1821269,0
1840577,0
1810099,0
1830900,1
1810876,1
1911234,0
1810109,0
1831190,1
1820557,0
1840968,0
1810328,1
1810313,0
1830670,0
1810155,0
1840523,1
1910186,0
1830260,0
1841217,1
1820262,1
1820386,0
1910497,0
1810407,0
1830650,0
1830745,1
1840773,0
1831476,0
1820033,0
1840248,0
1911204,0
1840811,1
1910464,0
1830181,0
1910841,0
1910935,1
1840008,0
1831201,0
1810567,0
1810217,1
1820632,0
1910674,1
1831172,0
1830966,1
1840981,0
1841459,0
1911256,0
1831021,1
1911248,0
1821169,1
1831500,0
1830483,0
1910091,0
1840712,1
1911330,0
1830533,0
1830200,0
1810722,0
1810308,0
1821077,1
1821329,0
1811296,1
1840007,0
1911358,0
1910893,1
1910413,1
1811360,0
1840204,0
1810481,0
1910521,0
1830739,0
1810590,0
1820752,0
1811164,0
1810692,1
1830320,0
1811338,0
1810882,0
1840447,0
1911365,0
1830653,0
1831398,0
1830620,0
1910530,1
1811076,0
1810581,0
1820154,1
1811201,1
1820887,1
1911327,0
1821227,0
1821474,0
1830004,0
1840729,0
1810945,1
1810391,0
1911423,0
1821073,0
1831061,0
1821086,0
1810008,0
1840945,0
1910318,0
1910307,1
1810803,0
1820123,0
1810795,0
1831467,0
1830209,1
1810305,0
1810023,0
1840856,1
1820020,0
1910035,0
1911399,0
1840806,0
1821395,1
1830962,1
1810545,0
1811385,0
1821028,1
1811316,0
1830614,0
1820614,0
1831412,0
1831191,0
1841124,1
1810108,0
1840936,1
1830393,0
1830889,0
1810496,0
1840026,1
1831340,0
1820303,0
1910753,0
1820226,1
1810920,1
1811494,0
1810800,1
1841378,0
1840093,0
1840230,0
1810285,1
1811010,0
1810191,0
1820339,0
1911235,0
1840319,1
1830603,0
1821500,1
1840087,1
1841203,0
1841021,1
1840134,0
1810927,0
1810121,1
1810541,0
1910624,0
1810807,0
1830102,0
1820462,0
1810682,0
1831428,1
1910738,0
1910515,0
1831499,0
1910490,0
1841342,1
1910502,1
1810634,0
1911006,1
1841489,1
1820576,0
1840373,0
1910020,0
1910792,0
1840964,0
1830914,0
1810410,0
1810081,0
1811250,1
1830878,1
1910951,1
1841221,1
1810456,0
1841054,0
1840444,1
1841332,1
1911422,0
1840972,1
1911080,0
1821210,0
1830688,0
1831211,0
1911082,1
1821454,0
1830276,0
1821475,0
1820737,0
1820820,0
1820563,1
1911362,0
1831264,0
1911127,1
1820472,0
1910317,0
1831079,0
1840420,0
1831204,0
1811248,1
1811199,0
1821503,1
1830610,0
1821022,0
1811070,0
1820686,1
1841130,1
1820075,1
1840787,0
1830953,0
1811029,0
1910750,0
1820901,0
1830094,0
1820459,0
1830179,0
1841209,1
1820016,0
1911263,1
1910744,0
1810320,0
1911266,0
1840110,0
1830123,0
1911259,0
1821312,0
1820981,1
1810051,0
1810402,0
1821142,0
1830218,0
1830607,0
1831356,0
1830237,0
1841223,0
1910923,1
1810600,1
1810425,1
1840550,0
1910320,0
1910714,0
1840694,0
1840156,0
1820915,0
1830544,0
1831479,1
1810822,0
1911417,1
1831234,0
1810507,0
1830018,0
1820466,1
1840224,0
1911411,1
1810441,1
1840126,1
1810419,1
1841248,1
1810352,1
1820497,0
1910018,1
1911078,0
1840290,0
1830696,1
1840038,0
1831443,0
1840242,0
1910854,0
1820636,0
1910296,1
1810424,1
1821464,0
1820128,0
1811411,0
1831411,0
1911074,0
1830078,1
1910236,1
1840802,1
1820967,0
1910141,0
1820189,0
1830095,0
1811224,0
1841401,0
1811422,0
1910256,0
1910649,0
1810287,0
1830047,0
1830111,1
1910391,0
1831303,0
1910443,0
1820914,0
1910767,0
1911186,0
1830903,1
1840325,0
1821366,0
1830575,0
1841235,0
1910945,1
1820861,1
1831366,1
1810594,0
1831071,1
1811223,0
1831437,1
1840407,0
1810449,1
1910643,0
1810670,0
1910214,0
1910594,0
1820363,0
1810182,0
1910238,0
1840652,0
1831282,0
1840320,0
1820143,0
1810094,0
1830988,1
1820555,0
1840343,0
1820529,0
1820471,0
1840327,0
1841376,1
1820343,0
1810999,0
1830561,0
1841363,0
1840030,1
1830657,0
1830159,0
1820062,1
1820222,0
1830328,0
1820292,0
1910988,1
1911317,0
1830239,0
1820544,0
1841341,0
1830319,0
1820503,0
1820750,0
1840430,0
1821143,0
1811352,0
1820630,1
1840750,0
1831012,0
1830063,0
1841471,1
1841199,1
1811417,0
1841035,0
1810943,0
1811332,0
1840221,1
1840015,0
1841087,0
1911351,0
1911148,0
1820817,0
1830894,0
1840903,0
1831465,0
1840887,0
1840587,0
1840597,0
1910835,0
1911232,0
1830586,1
1910556,0
1830168,0
1840346,0
1810178,0
1830813,0
1831244,0
1830859,0
1840827,0
1831333,1
1841192,1
1911097,0
1910359,0
1831181,1
1810826,0
1831251,0
1810018,0
1830353,0
1830486,0
1820671,0
1830019,0
1810359,0
1841078,0
1830269,0
1830337,0
1830474,0
1821004,0
1810343,1
1831456,0
1840659,0
1821032,1
1830896,0
1830879,0
1820612,0
1841140,1
1821368,0
1820014,0
1810227,1
1831160,0
1821110,0
1910640,0
1820766,1
1811466,1
1841245,0
1830363,0
1910475,0
1821406,0
1810497,1
1821448,1
1831235,0
1830587,0
1820366,0
1820832,0
1831472,0
1830929,1
1820810,0
1821047,0
1810936,0
1820087,0
1820395,1
1820257,0
1911111,0
1830113,1
1911192,0
1820231,1
1820872,0
1910150,0
1820332,0
1840187,0
1831007,1
1830356,0
1820598,1
1810369,0
1841385,0
1820446,0
1810365,0
1810221,1
1840042,1
1830412,0
1910822,0
1910857,0
1911013,1
1830873,1
1840628,0
1841056,0
1810829,0
1840581,0
1810116,0
1820278,1
1821217,0
1841004,0
1821480,0
1910243,0
1840810,0
1820323,0
1830275,1
1841180,1
1911104,0
1840605,0
1811348,0
1840299,0
1821076,0
1810755,0
1831033,1
1820419,0
1820942,1
1910710,0
1840862,0
1810272,0
1820695,1
1830763,0
1821409,0
1910232,0
1810713,0
1810536,0
1841435,0
1840604,1
1810913,1
1840482,0
1910501,0
1910303,0
1820080,1
1830230,0
1910455,0
1811008,0
1840954,0
1810731,0
1911051,0
1810961,1
1840070,0
1830781,0
1831379,0
1820173,0
1841227,0
1910967,0
1820799,0
1841390,1
1911309,0
1820396,0
1911043,1
1820835,1
1810917,1
1821349,1
1820973,0
1820745,0
1831416,0
1811452,0
1840455,0
1830792,1
1911160,0
1820047,1
1810492,0
1840803,1
1820948,0
1820777,0
1840932,0
1911377,0
1831214,0
1830054,0
1820157,0
1910191,0
1821215,0
1811455,0
1910720,0
1830480,0
1820134,0
1820335,0
1810027,1
1820247,0
1840792,1
1810745,0
1820860,0
1831402,0
1831299,1
1830917,1
1830656,0
1831307,0
1910164,1
1811434,1
1821009,1
1820675,0
1830182,0
1820215,0
1911056,0
1910986,1
1830714,0
1840574,1
1840436,0
1841142,0
1810380,1
1810629,0
1910847,0
1820333,0
1830963,0
1830529,0
1910001,0
1911045,1
1911296,0
1910339,0
1831446,1
1810479,0
1811067,0
1831188,0
1910456,0
1830968,0
1820309,0
1911213,1
1910686,0
1810467,1
1811291,0
1830279,0
1820708,0
1911190,0
1820224,0
1831513,0
1840857,0
1820334,0
1821046,0
1821485,0
1911088,0
1910622,0
1810613,0
1811269,0
1821034,0
1810453,1
1830677,1
1910362,0
1810669,0
1820297,0
1911408,0
1820030,0
1830922,0
1840872,0
1910309,0
1810611,1
1910466,0
1810495,0
1811126,1
1831143,0
1810691,0
1841249,0
1830904,0
1820623,0
1910106,1
1830661,0
1820188,1
1821209,0
1830421,0
1830643,0
1820467,1
1820032,0
1820626,0
1811252,0
1821445,1
1830032,0
1810228,0
1840781,0
1830463,0
1820765,0
1821163,1
1820003,0
1831384,0
1820150,0
1910478,0
1821488,0
1810996,1
1841040,0
1810332,0
1830497,0
1820045,1
1830380,0
1831403,0
1820776,1
1811020,0
1810366,0
1810458,0
1820569,0
1840809,0
1841164,0
1910884,0
1821006,0
1821465,0
1911363,0
1841084,0
1821010,1
1830311,0
1840989,0
1821356,0
1811006,0
1810476,0
1910412,0
1811051,0
1821276,0
1810356,0
1811162,0
1830069,0
1830678,0
1821145,0
1840468,0
1831074,0
1820726,1
1810548,1
1810463,0
1911322,0
1840880,0
1820941,0
1810715,1
1840404,0
1910056,0
1810570,0
1810367,0
1841208,0
1911131,0
1820119,1
1911373,0
1911210,0
1810767,1
1810963,1
1831024,0
1910505,0
1841219,0
1811019,1
1810039,0
1820181,0
1840849,0
1840558,1
1830938,0
1820546,0
1811373,0
1830211,0
1830003,0
1820118,0
1911184,0
1811257,1
1830949,0
1820172,1
1811007,0
1911150,0
1810065,0
1830092,0
1831371,0
1810180,0
1840578,0
1830053,1
1831217,0
1831400,0
1831247,1
1840644,0
1830519,1
1830804,0
1840764,0
1811039,0
1841041,0
1910569,0
1821233,0
1810958,0
1841270,1
1821462,0
1830774,0
1821299,0
1820174,0
1820017,0
1810388,0
1821234,1
1820842,0
1821494,1
1840971,0
1841214,1
1830622,0
1810373,0
1910763,0
1910235,0
1821421,1
1830964,0
1840546,1
1820951,1
1840063,0
1911360,0
1830291,0
1910982,1
1811073,0
1811262,0
1811376,0
1811048,0
1910341,0
1910605,0
1821156,0
1820044,1
1830683,0
1811371,0
1820063,0
1910403,0
1810494,0
1910352,0
1811495,1
1811013,0
1830487,0
1841479,0
1910602,0
1820568,0
1811374,0
1910708,0
1810863,0
1840280,0
1831025,0
1820844,0
1821463,0
1910044,0
1910054,1
1820545,0
1830703,0
1841448,0
1810146,0
1830840,0
1811477,0
1911034,0
1910775,0
1830898,0
1830868,1
1831249,0
1831063,0
1840268,0
1810152,0
1820191,0
1830233,0
1911089,0
1820011,0
1821272,1
1810942,0
1840952,1
1821499,0
1830049,0
1831006,1
1831239,1
1810883,0
1821370,0
1910863,0
1820625,0
1810700,0
1810450,0
1810196,0
1820532,1
1830882,0
1810640,0
1820178,0
1910473,0
1910917,1
1840122,0
1831245,0
1821490,0
1841301,1
1911452,0
1820398,0
1831169,1
1911014,0
1821091,0
1811347,0
1910033,1
1910484,0
1821364,0
1820214,0
1810236,1
1831136,0
1831509,0
1840979,0
1830983,1
1910420,0
1910844,1
1810401,1
1820556,0
1810773,0
1841451,0
1830971,0
1810664,1
1810037,0
1831502,1
1830850,0
1910151,1
1840345,1
1810355,0
1910570,0
1830471,0
1830184,0
1831040,0
1820444,0
1840645,1
1910013,0
1830723,0
1830185,0
1810542,0
1910803,1
1821052,0
1910692,0
1810077,0
1830796,0
1910934,0
1830028,0
1840304,0
1821413,0
1840209,0
1841392,0
1811236,0
1810553,0
1810703,0
1911497,0
1830709,0
1841090,0
1830077,0
1820393,0
1911027,0
1830141,0
1810714,1
1821182,0
1830052,0
1831270,0
1911026,0
1820571,0
1841213,0
1811387,0
1910683,0
1840501,0
1910856,0
1841107,0
1820692,0
1820104,0
1821008,0
1841345,0
1811107,0
1810130,1
1811211,0
1910432,0
1911193,1
1820187,0
1811275,0
1840997,0
1840298,1
1810966,0
1820667,0
1840161,0
1810902,0
1820664,1
1830517,0
1810282,0
1840638,0
1821400,0
1840275,0
1910956,0
1831113,0
1820038,0
1911305,0
1820249,0
1811405,1
1910043,0
1810504,0
1810017,0
1821131,0
1820641,0
1910679,0
1830579,0
1830066,0
1830205,0
1830076,0
1830340,0
1820713,0
1811124,0
1910882,1
1830881,0
1810911,1
1831284,0
1810128,1
1811042,1
1810957,0
1831042,0
1820389,0
1910830,0
1820350,0
1820628,0
1830259,0
1841525,1
1811075,0
1840418,0
1821386,0
1911157,0
1840548,0
1821013,1
1831108,0
1840909,0
1810534,0
1840559,0
1820129,0
1811437,0
1820823,0
1810393,1
1840736,1
1840896,0
1811041,1
1841410,0
1810583,0
1810566,0
1911361,1
1820110,0
1831243,0
1911484,0
1810774,0
1911163,1
1910961,0
1841413,0
1830171,0
1911201,1
1831011,0
1840137,1
1821167,1
1911338,0
1840767,0
1910345,1
1810720,0
1810028,0
1820829,0
1810881,0
1911087,1
1830506,0
1831461,0
1820050,0
1830187,0
1840656,0
1840821,0
1830247,0
1830391,0
1820808,1
1840352,0
1810478,0
1841306,1
1831076,0
1810809,0
1831481,1
1810258,0
1840370,0
1810011,0
1841443,0
1841295,0
1910112,1
1830990,0
1820025,0
1811421,0
1840435,1
1840413,1
1820456,1
1840267,0
1821323,1
1820831,0
1910637,0
1831167,0
1810924,0
1810860,0
1821271,0
1811446,0
1830592,1
1910586,0
1910471,0
1820607,1
1841059,0
1830515,0
1911199,0
1831229,0
1811259,0
1830024,1
1820596,0
1841162,0
1811301,1
1820423,0
1840011,0
1840461,0
1810032,0
1821322,0
1820995,0
1910615,0
1820883,0
1820841,0
1831207,0
1810602,0
1840277,0
1911048,0
1910613,0
1810852,1
1831176,1
1821491,0
1830946,1
1821371,0
1820499,0
1841154,0
1820790,0
1840387,0
1840211,0
1910485,1
1910781,0
1830752,0
1840185,0
1830357,1
1831466,0
1841468,1
1820992,0
1841482,1
1910845,0
1831280,0
1840095,0
1830593,0
1820351,1
1821201,0
1911320,0
1820216,1
1810555,0
1820570,1
1911387,0
1830477,0
1840894,1
1820775,0
1821345,0
1821442,0
1841320,0
1810161,1
1840556,0
1821417,0
1830455,0
1821334,0
1831459,1
1820833,1
1810389,0
1810865,0
1840235,0
1820953,0
1821482,0
1821253,0
1910116,0
1810279,1
1840017,0
1840892,0
1840457,0
1830223,0
1831452,0
1810256,0
1830296,0
1840733,0
1910314,0
1820699,0
1840018,0
1831480,0
1910793,0
1830863,0
1810068,0
1830588,1
1840074,0
1810696,0
1911243,0
1821466,0
1910496,0
1810959,0
1840077,0
1831330,0
1820183,1
1841224,0
1841384,1
1810102,0
1810833,0
1811310,0
1910737,1
1830959,0
1841441,0
1841153,0
1831269,0
1820613,0
1840569,0
1841108,0
1811366,0
1831233,0
1820714,1
1841404,1
1830020,0
1821053,0
1820268,0
1830687,0
1840980,1
1910747,0
1830428,0
1840481,0
1911060,0
1830272,0
1820068,0
1811416,1
1840329,0
1831494,0
1811461,0
1821341,0
1840760,0
1830522,0
1820589,0
1830280,0
1830149,0
1830155,0
1830916,0
1810562,0
1910938,1
1841347,0
1910632,1
1810307,0
1810568,0
1911107,1
1830097,0
1840322,0
1821121,0
1820880,0
1830978,0
1821108,0
1831440,0
1830289,0
1821296,0
1911393,0
1830636,0
1831038,0
1910139,0
1841200,0
1831489,1
1910124,0
1830074,0
1910444,0
1910144,0
1841517,1
1840376,0
1911382,0
1820427,0
1910627,0
1841466,0
1910784,1
1831039,0
1840092,0
1911433,0
1821064,1
1830087,0
1840531,0
1830262,0
1830068,1
1820813,0
1910234,1
1831252,0
1821141,0
1821025,0
1810505,0
1821190,0
1831462,1
1840406,0
1911031,1
1830844,0
1830957,0
1820264,0
1811468,0
1910667,0
1840123,1
1841492,1
1840034,0
1840059,1
1810073,0
1910861,0
1841360,1
1821293,0
1830553,0
1840540,0
1820741,0
1911076,0
1811080,1
1821136,0
1830940,0
1910188,0
1841184,1
1840331,0
1911100,1
1910252,0
1830264,0
1841058,0
1830999,0
1840247,0
1831277,0
1820155,0
1841251,0
1810337,0
1830163,0
1911343,1
1820428,0
1831421,0
1840165,0
1820926,1
1810810,0
1831325,0
1830140,0
1830352,0
1830644,0
1910955,0
1840060,0
1811204,0
1811102,0
1830114,0
1841415,1
1911158,0
1820504,1
1830469,0
1811386,0
1910381,0
1811174,0
1820862,0
1841039,1
1910899,0
1811032,1
1910912,0
1910678,1
1820769,0
1810502,0
1811492,0
1821399,0
1811038,0
1910700,1
1810515,0
1810506,0
1910895,0
1820440,0
1821449,0
1821130,0
1840717,0
1841438,0
1820801,0
1840379,0
1810451,0
1910131,0
1910030,0
1831230,1
1840317,0
1810206,1
1810941,0
1840804,1
1820058,0
1831258,0
1840552,1
1830724,0
1840762,0
1841037,0
1840233,1
1910996,0
1830801,0
1840448,0
1811194,0
1910222,0
1840543,0
1810786,0
1821353,0
1831297,0
1831028,0
1841242,0
1840255,0
1911493,1
1840361,0
1821115,0
1911065,0
1810271,0
1910749,0
1810533,0
1811217,0
1810921,0
1820558,0
1830652,1
1821376,0
1810418,0
1821284,0
1820042,0
1810188,0
1831276,0
1911251,0
1840500,1
1840419,0
1820390,1
1821196,0
1830738,0
1841515,0
1830090,0
1820858,0
1820115,0
1910292,0
1810637,0
1821002,1
1910156,0
1840081,0
1821185,0
1810435,0
1830635,1
1840759,0
1810737,0
1910077,0
1810197,0
1840517,0
1830915,0
1830110,0
1830137,1
1820290,0
1821194,0
1830273,0
1820263,0
1911079,0
1841439,0
1810211,0
1810400,0
1840119,1
1911282,0
1841250,1
1830582,0
1820898,0
1831285,1
1811431,0
1830461,0
1820987,0
1810411,0
1841276,0
1821078,0
1910372,1
1840440,0
1810525,0
1831203,1
1821451,1
1910031,0
1841020,0
1911472,0
1810771,0
1820244,0
1840822,0
1840045,0
1911125,0
1841095,0
1841145,0
1810330,1
1841509,0
1840453,0
1811058,1
1811498,0
1820839,0
1810154,0
1830130,0
1820121,0
1840372,0
1840162,0
1821260,0
1841139,1
1910442,0
1911353,0
1911482,0
1820744,0
1830022,0
1820631,0
1830204,0
1820629,0
1911392,0
1841068,0
1840528,0
1830317,0
1830648,0
1840852,0
1831316,0
1841198,0
1821396,0
1911268,0
1810248,1
1811069,1
1821455,1
1810192,0
1820748,0
1840797,0
1820668,0
1810243,0
1911091,1
1820547,0
1910087,0
1840624,1
1821137,0
1840890,0
1810267,0
1811344,1
1840271,0
1840522,0
1810304,0
1810140,0
1840006,0
1810887,1
1841308,0
1840598,0
1821348,0
1820086,1
1910850,0
1831427,0
1811297,0
1810179,0
1821382,0
1821236,1
1840549,0
1831498,0
1820357,0
1831202,0
1830654,1
1830577,0
1820137,0
1811473,0
1811364,0
1840754,0
1831386,0
1911376,0
1910492,0
1830563,0
1840533,0
1911504,0
1841395,1
1820212,0
1830659,0
1810274,0
1811317,1
1810020,0
1831348,0
1911092,1
1840088,0
1830692,0
1810718,0
1811024,0
1840040,0
1821338,0
1840701,0
1910849,0
1840125,0
1830640,0
1911495,0
1840096,0
1830070,0
1810193,0
1820260,1
1811094,0
1840567,1
1821383,0
1840212,1
1820755,1
1820382,0
1911366,0
1911416,1
1831394,1
1810929,1
1910696,0
1810016,0
1911099,1
1910731,0
1830989,0
1910210,0
1841127,1
1821333,0
1911494,0
1841126,0
1820534,1
1910740,0
1810783,0
1820868,0
1841060,0
1810031,0
1840619,0
1821381,0
1910311,0
1840399,0
1821498,1
1840606,0
1820140,0
1810409,1
1840502,1
1831195,0
1840625,0
1911105,0
1911276,0
1830297,1
1810967,0
1911272,1
1910991,1
1821092,1
1820802,0
1821106,0
1841034,0
1820604,1
1841449,0
1910975,1
1820934,1
1821288,0
1910237,1
1830099,0
1840783,0
1810319,0
1910980,1
1830617,0
1811159,1
1820099,0
1810303,0
1820897,1
1820698,1
1910745,0
1820442,0
1831374,0
1830630,0
1911474,0
1840462,0
1830606,0
1841393,0
1821477,0
1811419,1
1820633,0
1910712,1
1831075,0
1830354,0
1830627,0
1830014,0
1840513,1
1810176,0
1840836,0
1910135,0
1840664,0
1810985,0
1811268,0
1910193,1
1840214,0
1810360,0
1840439,0
1810473,1
1820506,1
1811218,0
1821192,1
1910242,0
1821452,0
1810608,1
1820857,0
1841340,0
1840561,1
1840335,0
1911286,0
1830768,0
1911169,1
1830788,1
1830423,0
1821358,1
1840464,0
1831383,0
1911275,0
1820648,0
1841106,0
1821278,0
1910761,0
1831060,1
1810859,0
1831090,0
1831095,0
1820725,1
1821344,0
1830668,1
1821036,1
1840426,1
1830839,0
1820955,0
1830405,0
1820622,0
1810565,0
1831265,0
1910282,1
1810461,0
1830424,1
1820970,0
1810088,0
1831128,1
1820877,0
1810873,0
1830408,0
1820886,0
1841197,0
1840344,0
1811120,1
1810622,0
1830525,1
1841284,0
1831014,0
1821245,0
1810015,0
1810210,0
1840149,1
1820539,0
1830847,1
1840666,1
1820818,1
1821268,1
1810916,0
1840257,0
1830025,0
1830672,0
1831261,1
1810010,0
1911046,1
1910117,0
1820182,0
1831343,0
1841325,0
1831140,0
1820302,0
1811088,1
1830756,0
1910346,1
1911499,0
1910711,0
1910965,0
1831338,1
1841072,1
1811359,1
1820331,1
1840250,0
1910621,0
1831213,0
1841052,0
1911188,0
1831101,0
1831031,0
1821222,0
1810904,0
1910512,1
1840976,0
1811334,0
1810856,0
1841405,0
1830846,0
1840479,0
1811106,1
1821291,0
1810041,1
1810574,0
1820754,1
1840868,0
1910184,0
1841355,0
1810460,0
1821304,0
1820660,0
1821104,0
1810899,0
1911501,1
1811163,1
1831034,0
1820125,0
1840570,1
1840143,1
1810890,0
1830257,0
1910105,0
1811380,0
1820537,0
1820891,0
1911375,1
1911084,0
1841331,0
1831432,0
1820376,0
1830010,0
1820890,1
1840400,0
1820096,0
1820595,1
1810322,1
1831266,1
1830315,0
1840009,1
1810252,1
1830521,0
1831259,0
1810323,0
1831272,0
1840294,0
1840510,0
1821175,0
1821189,0
1811363,0
1821444,0
1820677,0
1840716,0
1810158,0
1830410,0
1841339,0
1810368,0
1810595,0
1811056,0
1810203,0
1831117,1
1830671,0
1820318,0
1821352,0
1810036,0
1910368,0
1841429,0
1840286,0
1840234,0
1910004,0
1821065,0
1810331,0
1810770,0
1840508,1
1831483,1
1821118,1
1811229,0
1811467,0
1911224,1
1821179,1
1840499,0
1910545,0
1831507,0
1830676,0
1910025,0
1831215,0
1810992,0
1810117,1
1811271,1
1840057,1
1810866,1
1820920,0
1831463,0
1840877,0
1810384,0
1810175,1
1810164,0
1810045,1
1830584,0
1811256,0
1911246,1
1910933,0
1811158,0
1910200,0
1831260,0
1910661,0
1910182,0
1910376,0
1820132,0
1820505,0
1841359,0
1831054,1
1830662,1
1810756,1
1841011,1
1910080,0
1831052,1
1830991,0
1831278,0
1840072,0
1910375,1
1840636,1
1810885,0
1830045,0
1910682,0
1811402,0
1830961,0
1831492,0
1831161,0
1841195,0
1810815,0
1841012,0
1840982,0
1910159,0
1811286,0
1840394,0
1911121,0
1840563,0
1841241,0
1840251,0
1830293,0
1820238,0
1830805,1
1821295,1
1830736,1
1841046,1
1830031,0
1810347,0
1821301,1
1820167,0
1820649,0
1820541,0
1910685,1
1910039,0
1840334,0
1911249,1
1831183,0
1910468,1
1911421,0
1821367,0
1911029,1
1831302,0
1821024,0
1830744,0
1830160,0
1820098,0
1840718,0
1830909,0
1831059,0
1840944,0
1841290,0
1820434,0
1910265,0
1911230,0
1910722,1
1840445,0
1820179,0
1810658,0
1830623,0
1820443,0
1840241,0
1820491,0
1821031,1
1820083,1
1820348,0
1910167,0
1810055,0
1820618,0
1810620,0
1820530,1
1820126,0
1820925,0
1810061,0
1840104,0
1830838,0
1810339,0
1831514,0
1821126,1
1831275,1
1810336,0
1831381,0
1840693,0
1910101,1
1911325,0
1830960,1
1841055,0
1910195,0
1910393,0
1810812,0
1840219,0
1810446,0
1830389,1
1911437,0
1841323,0
1840477,1
1830381,0
1830974,0
1811034,0
1810299,0
1911140,0
1810471,0
1910330,0
1831441,1
1831491,0
1910051,1
1830674,0
1820950,1
1821084,0
1811046,1
1821132,0
1830359,0
1910759,1
1841357,1
1821107,0
1810058,0
1811207,0
1830201,0
1820996,0
1830307,0
1840935,0
1831088,0
1910007,0
1841170,0
1830986,0
1831099,1
1830819,0
1910369,0
1840301,0
1820401,0
1910425,0
1840424,0
1840469,0
1831313,0
1820306,1
1810947,1
1820848,0
1911470,1
1911419,0
1831442,0
1831344,1
1820109,0
1840186,0
1910274,0
1830250,1
1840684,0
1820148,1
1911280,1
1840003,0
1841174,0
1830302,0
1810540,0
1821483,0
1910415,0
1911440,0
1810723,0
1840197,0
1840438,1
1830343,0
1810289,0
1820814,1
1840244,1
1840427,0
1810200,0
1840114,0
1840917,1
1811428,0
1810167,0
1811099,0
1820885,0
1811447,1
1841462,0
1840315,1
1830799,1
1830935,1
1811078,0
1840483,0
1810660,0
1820966,0
1841268,0
1810445,0
1840790,0
1811153,1
1830037,1
1810270,0
1821508,1
1820219,0
1840127,0
1811227,0
1830002,0
1831293,0
1830271,1
1911032,0
1910367,0
1910481,0
1911446,0
1831027,0
1841422,0
1840333,0
1910094,0
1830645,0
1831246,0
1910469,0
1830370,0
1831326,0
1820107,0
1821487,1
1911298,0
1910875,0
1820136,0
1821003,0
1810752,0
1820840,1
1810013,1
1820669,0
1840466,0
1841263,1
1840112,0
1821495,0
1911436,0
1840785,0
1821168,0
1821129,0
1910589,0
1831198,0
1821332,0
1830170,0
1831362,1
1821404,0
1820512,0
1820807,0
1830787,0
1810569,0
1830479,0
1810067,0
1821355,0
1811117,1
1840881,0
1841006,0
1840323,0
1820647,0
1910834,1
1811438,0
1840735,0
1911165,0
1910752,0
1910806,0
1831408,0
1910047,0
1911341,0
1810642,0
1820067,0
1910370,0
1831142,0
1830012,0
1820879,0
1810706,0
1810697,0
1841031,0
1810265,1
1910448,0
1910716,0
1830784,0
1910802,0
1840048,0
1830817,0
1820751,1
1911448,0
1831133,0
1820023,0
1911239,0
1810990,0
1830414,0
1910606,0
1820314,1
1810875,0
1830596,0
1820430,0
1831130,0
1840484,0
1820275,0
1830175,0
1910709,0
1830011,0
1810201,0
1830750,0
1811130,0
1810970,1
1810551,0
1811395,0
1841305,0
1840859,0
1820634,1
1831347,1
1830993,1
1830452,0
1840842,0
1911221,1
1810433,0
1830669,0
1911302,0
1831218,0
1821258,0
1821069,0
1820367,0
1810247,0
1820130,0
1810260,0
1830613,0
1841007,0
1830618,0
1810436,0
1830235,1
1840402,0
1910771,1
1840422,0
1841481,1
1840566,0
1820957,1
1830759,1
1830851,0
1811136,0
1830947,1
1821041,0
1911297,0
1830753,0
1910746,1
1820536,1
1820909,0
1820146,0
1910108,0
1811308,0
1820606,0
1840049,0
1840454,1
1831511,0
1841081,1
1830976,0
1910260,0
1840594,0
1910166,1
1830531,0
1811012,0
1830481,0
1821035,1
1830741,0
1831447,1
1911265,0
1911161,1
1911359,0
1810157,0
1830150,0
1910591,1
1810743,0
1821287,1
1811122,1
1841431,0
1830284,0
1831097,0
1821424,0
1821306,0
1910083,0
1820464,0
1910872,0
1910100,0
1830931,0
1821261,0
1810275,0
1811149,1
1840281,0
1820863,1
1820410,0
1830919,0
1840841,0
1820685,0
1830798,1
1830312,0
1810605,0
1840786,0
1821420,0
1911255,0
1910479,0
1840949,0
1810075,0
1810524,0
1911430,0
1810136,0
1911137,0
1911119,0
1810394,0
1840807,0
1831168,0
1910436,0
1811274,1
1830491,0
1831180,0
1830777,0
1910366,0
1831355,0
1911008,1
1840176,0
1840986,0
1821240,0
1831106,0
1910769,0
1811351,0
1820849,1
1840082,0
1910993,0
1840148,0
1840705,0
1910831,0
1840044,0
1820417,0
1820760,0
1821359,0
1820007,0
1911049,0
1830816,0
1810870,0
1830673,0
1810325,0
1910089,0
1811197,1
1840906,1
1810165,0
1810588,1
1811277,1
1911069,0
1841523,1
1830746,0
1810153,0
1820945,0
1821119,0
1820843,0
1820739,0
1840519,1
1810263,1
1910011,0
1910537,1
1911460,1
1910331,0
1911219,0
1910638,0
1840930,0
1831485,0
1810063,0
1831041,0
1821040,1
1911025,1
1910535,1
1810244,0
1811400,0
1830718,0
1821202,0
1810143,0
1840970,0
1810186,0
1910729,0
1811355,0
1910890,0
1830462,0
1811302,1
1910224,0
1830905,0
1820004,0
1911328,0
1831212,0
1821055,0
1810503,0
1840012,0
1910748,0
1841294,0
1821375,0
1821239,0
1820218,0
1911064,0
1840599,0
1820670,1
1830886,0
1841024,0
1910383,0
1820344,0
1841147,0
1830202,0
1820878,0
1840618,0
1831385,0
1810694,0
1841212,0
1810508,0
1820514,0
1811414,1
1840839,0
1841319,0
1810949,1
1840079,0
1831457,0
1911409,0
1820342,0
1840925,0
1830845,0
1840766,0
1810033,0
1821173,1
1911019,0
1841129,0
1841069,0
1830306,0
1820082,1
1810314,0
1910703,0
1820523,0
1840993,0
1910332,1
1830197,0
1911208,1
1841349,0
1910911,0
1810758,0
1840421,0
1910140,0
1820785,0
1841478,0
1841261,0
1841131,0
1830760,0
1810661,0
1810918,1
1810098,0
1840985,0
1910060,0
1810107,0
1810253,1
1831468,0
1911293,0
1830720,0
1910786,0
1820294,0
1810680,0
1811433,1
1911225,1
1811370,0
1820659,0
1831200,0
1810511,0
1910183,0
1831104,1
1810111,1
1811407,0
1831409,0
1831317,0
1910268,0
1820583,0
1821033,1
1840673,0
1841188,0
1821411,0
1811267,1
1810216,0
1830887,1
1910470,0
1841317,0
1830828,0
1830712,1
1831044,0
1840488,0
1910049,0
1910177,0
1841485,0
1820213,0
1811148,0
1911384,1
1811123,1
1910472,1
1841507,1
1831148,0
1820228,0
1820676,0
1810168,0
1821305,1
1840778,0
1811233,0
1821250,0
1830044,0
1831405,1
1830701,0
1811330,0
1840958,1
1831482,0
1810240,0
1821509,0
1840154,1
1821123,0
1830751,0
1840416,0
1830305,0
1840623,0
1910245,0
1820010,0
1840915,0
1841186,0
1811331,0
1821042,0
1910925,0
1810672,1
1830103,0
1831404,0
1830373,0
1830098,0
1810171,0
1810053,0
1831050,1
1820994,0
1840144,1
1840090,0
1841234,0
1840905,0
1831305,0
1820627,0
1811087,0
1811294,0
1820185,0
1831360,0
1841453,0
1830225,0
1840043,0
1831185,0
1830726,0
1811009,1
1830489,0
1830221,1
1821219,0
1830124,0
1831089,0
1830550,1
1811118,0
1810105,1
1830458,0
1820480,0
1830855,0
1821314,0
1811157,0
1840492,0
1820551,1
1821075,0
1840302,0
1820493,0
1810791,1
1841302,1
1831345,0
1821497,0
1831262,0
1840557,0
1811057,0
1820916,0
1840349,0
1910324,0
1911285,0
1811170,0
1910450,0
1820273,0
1821181,0
1840855,0
1840218,0
1830884,0
1820882,0
1840758,0
1820865,0
1820248,0
1910474,0
1910461,0
1840699,0
1841407,0
1911319,0
1820411,0
1830826,0
1821405,1
1831186,0
1910553,0
1911380,0
1830104,0
1811166,1
1831053,1
1910914,0
1811247,0
1821197,0
1830862,0
1830472,0
1830559,0
1831232,0
1830048,0
1830833,0
1910342,0
1910257,0
1821146,1
1820535,0
1910534,0
1810969,0
1841351,1
1841366,0
1810138,1
1910707,1
1810939,0
1830365,0
1911294,1
1820375,0
1830379,1
1910129,0
1831240,1
1820079,0
1810834,1
1820217,0
1910005,0
1810499,0
1910680,0
1820564,0
1911367,1
1840446,0
1810528,1
1911124,0
1811068,0
1821387,1
1840938,1
1841085,0
1830956,0
1810657,0
1910154,0
1820520,0
1810552,1
1910249,0
1811105,1
1820051,0
1911200,0
1811367,1
1840596,0
1811336,0
1810823,0
1821111,0
1840258,0
1811161,0
1830748,0
1811189,0
1911300,0
1830268,0
1810645,1
1821432,0
1910379,0
1810006,0
1831046,0
1840879,0
1830196,0
1831192,0
1911465,0
1810335,0
1910620,1
1830136,0
1820496,0
1830120,0
1840902,0
1810131,0
1911168,1
1820097,0
1911081,0
1911488,1
1910504,0
1830105,1
1820149,0
1840140,1
1840252,0
1810170,0
1810124,0
1830566,0
1841155,1
1821441,0
1811234,0
1841383,0
1811198,0
1840838,0
1910409,1
1811322,1
1830655,0
1830336,0
1830399,0
1820938,1
1811444,0
1830080,0
1911178,0
1810531,0
1841375,0
1911253,0
1820300,0
1910322,0
1820553,0
1821112,0
1911284,0
1830298,0
1830142,1
1820637,1
1811339,0
1811111,0
1910669,0
1830793,0
1910827,0
1810233,0
1840340,0
1811060,0
1831477,1
1810516,0
1910500,0
1821321,0
1911406,1
1911415,0
1811241,0
1831122,0
1811415,1
1840470,1
1830207,0
1841528,0
1830440,0
1910604,0
1821256,1
1840910,0
1830604,0
1910533,0
1821339,0
1911240,0
1911274,0
1911476,0
1820296,0
1820588,0
1840178,0
1820111,0
1840232,0
1810093,0
1811031,0
1840273,0
1820729,0
1820435,0
1830764,0
1831069,0
1840884,0
1811237,0
1910204,0
1820638,1
1820291,0
1840284,0
1830853,0
1841146,0
1910668,1
1820158,1
1910743,1
1840726,0
1840681,0
1841440,0
1841252,0
1821088,0
1840706,0
1810187,1
1810185,0
1831173,0
1830232,0
1820484,0
1911479,0
1910780,0
1831165,0
1831020,1
1910833,0
1811072,1
1910209,1
1820282,0
1840900,0
1841189,0
1911348,1
1821489,0
1840495,1
1811392,0
1840740,0
1810984,0
1821074,1
1910879,0
1820845,0
1830364,0
1840977,0
1910524,0
1840660,0
1820605,0
1830442,0
1840520,0
1910758,1
1820727,0
1910357,0
1831257,0
1830912,1
1811103,0
1830448,1
1830979,1
1841298,1
1810238,0
1810850,0
1910329,0
1820859,1
1810976,0
1840489,0
1910779,0
1820816,0
1831068,1
1831017,0
1840201,1
1840414,0
1810708,0
1840555,0
1821191,0
1840390,0
1830345,0
1830147,0
1831273,1
1830765,1
1820035,0
1911024,1
1820609,0
1830841,0
1811315,0
1911340,0
1830490,0
1831116,0
1841022,0
1820562,1
1840367,0
1830829,1
1840874,0
1910579,0
1840511,0
1910538,0
1820702,0
1911258,0
1820742,0
1911390,0
1830334,0
1910788,0
1830227,0
1810998,1
1820522,0
1830453,0
1820190,1
1810163,0
1910079,0
1830684,0
1830254,0
1821068,0
1910417,0
1821255,0
1820549,1
1910122,0
1841161,0
1841115,0
1831378,0
1910800,0
1820441,1
1840459,0
1830496,1
1910176,1
1820321,0
1820736,1
1831018,0
1810229,0
1841074,0
1810753,1
1811493,0
1830611,0
1840999,0
1831174,0
1840083,0
1811345,0
1841258,1
1831151,0
1820811,0
1840311,0
1810523,1
1821180,0
1820847,0
1841423,1
1820475,0
1840914,0
1820147,1
1831450,0
1830632,1
1820209,0
1830151,0
1840239,1
1910585,1
1830059,0
1830660,1
1830716,0
1830649,0
1820391,1
1830245,0
1820135,0
1841365,0
1840158,0
1831419,1
1830902,0
1841182,0
1841194,0
1811439,0
1830985,0
1820710,0
1830906,0
1830375,0
1841312,0
1830693,0
1811152,1
1840600,0
1821026,0
1911449,0
1810827,0
1830088,1
1810462,0
1830631,1
1840959,0
1910385,0
1820991,0
1810162,0
1810948,1
1821286,0
1831149,0
1840395,0
1910483,0
1811403,0
1841285,0
1911170,0
1821357,0
1810978,0
1810760,0
1910401,0
1830697,0
1911103,0
1810281,0
1810792,0
1841418,1
1830501,0
1841057,0
1831425,0
1830513,0
1830033,0
1810940,0
1840850,1
1831380,0
1910593,0
1830243,1
1811362,0
1830970,0
1840189,0
1841109,0
1810096,1
1841114,1
1821501,1
1911116,0
1840568,1
1910449,0
1831154,0
1820120,0
1821109,0
1840386,0
1811092,0
1821057,0
1831184,0
1810880,0
1830409,0
1820918,1
1830810,1
1910903,0
1911456,1
1911241,0
1910964,1
1820738,0
1821330,0
1830555,1
1810291,0
1841179,0
1810225,0
1820353,0
1831105,0
1911174,0
1911098,1
1911481,0
1811273,0
1820579,1
1841333,0
1811390,0
1811350,0
1910503,1
1911307,0
1830397,0
1820540,0
1840633,0
1811357,0
1910928,1
1830948,1
1821007,0
1810219,0
1810732,0
1810529,0
1810676,1
1820722,0
1830924,0
1911198,0
1911053,0
1820458,1
1840374,1
1841009,0
1840160,0
1811147,1
1831009,0
1910185,1
1811453,0
1840220,1
1911303,0
1820177,0
1840132,0
1830009,0
1830954,0
1910507,0
1910705,1
1831139,0
1830346,1
1910082,1
1811258,0
1841379,0
1841091,0
1820705,0
1840632,0
1821161,0
1810950,0
1830277,0
1911378,0
1911308,1
1821342,0
1840256,0
1810137,0
1840960,0
1831346,0
1840099,0
1841370,0
1910371,0
1821425,0
1910491,0
1810907,0
1810370,0
1821340,1
1841045,0
1811309,0
1820663,0
1810437,0
1830274,1
1810078,0
1831073,0
1840761,0
1810464,0
1821277,0
1820743,0
1820325,0
1840988,0
1840155,0
1910904,0
1820266,1
1810777,0
1910152,0
1810489,1
1810601,0
1821481,0
1820108,1
1911444,0
1841314,0
1811372,0
1910155,0
1820057,0
1820867,0
1910799,0
1830013,0
1830518,0
1830546,0
1910555,0
1910618,0
1841521,0
1820470,1
1821273,0
1841014,1
1910145,0
1821457,0
1840216,0
1810231,0
1911217,1
1821325,0
1841465,0
1820798,0
1841026,0
1831310,0
1830686,0
1821437,0
1811361,0
1840529,0
1810693,1
1811190,1
1821238,0
1821484,1
1810127,0
1840270,0
1820720,0
1821486,0
1911429,0
1840180,0
1841029,0
1910373,1
1811101,0
1831224,0
1810729,0
1820008,0
1911096,0
1841476,1
1840415,0
1841501,0
1910550,0
1820712,1
1820783,1
1831315,0
1811095,0
1910932,0
1830183,0
1910522,0
1811482,0
1911001,0
1821505,1
1841487,0
1840828,1
1910921,0
1831084,0
1841222,0
1810909,0
1840289,0
1811203,0
1821021,0
1841125,0
1810150,0
1910275,0
1910138,0
1911058,0
1811335,0
1910019,0
1911451,0
1840429,0
1840389,0
1820433,1
1840269,0
1831081,0
1820876,0
1911109,0
1841324,1
1820084,0
1910396,0
1910516,0
1841156,1
1810819,0
1810466,1
1810817,0
1810818,0
1820611,0
1841398,0
1820822,0
1830514,0
1840300,0
1820117,0
1821095,1
1830538,0
1911271,0
1821014,0
1840141,1
1910229,0
1811412,1
1811469,0
1910231,0
1820507,1
1911466,1
1841117,1
1820304,0
1830790,1
1811445,0
1830251,0
1810592,1
1821243,0
1840695,0
1841092,0
1911412,1
1820194,0
1811399,0
1830034,0
1830255,0
1910868,1
1820476,0
1841000,0
1810510,0
1911139,0
1811420,0
1840385,0
1820272,1
1810205,1
1910280,0
1910189,1
1810828,1
1830825,1
1810118,1
1910300,0
1840676,0
1840734,0
1841469,0
1820237,0
1820515,0
1820269,1
1911306,0
1830682,0
1820658,0
1811028,0
1831141,1
1910565,1
1810832,0
1911149,0
1840962,0
1831253,1
1830901,0
1840554,0
1821285,0
1820486,0
1911176,0
1810972,0
1821149,0
1830542,0
1831077,0
1840829,0
1841266,1
1830994,0
1910634,0
1810603,0
1820076,0
1810717,1
1810348,0
1810897,0
1810656,0
1810406,0
1830996,0
1810126,0
1820543,0
1910795,0
1811481,0
1910199,0
1910021,0
1911135,0
1811280,0
1810685,0
1910072,0
1840560,0
1841071,0
1820825,0
1810808,0
1910603,0
1810928,1
1820253,1
1910819,0
1811333,0
1810674,1
1910880,0
1821318,0
1820998,0
1830717,0
1820616,1
1830984,0
1820169,0
1840342,0
1911238,0
1830570,0
1831458,0
1841427,1
1810076,1
1910325,0
1820924,0
1821346,1
1910953,0
1910543,1
1811458,0
1810655,1
1911101,0
1840213,0
1810119,0
1830821,0
1841304,1
1821471,1
1840138,0
1840177,1
1810535,0
1831339,0
1820024,0
1910971,0
1841327,0
1820919,0
1841121,0
1911054,0
1830067,0
1830313,0
1831125,0
1840383,0
1910628,0
1910870,0
1820794,0
1831137,0
1821274,0
1820707,1
1830083,0
1830446,0
1830628,0
1820977,1
1820387,0
1831067,1
1910983,0
1810276,0
1810649,0
1910853,0
1830545,1
1830534,0
1810980,0
1910776,0
1821460,0
1820593,1
1811489,0
1830822,1
1830843,0
1820516,0
1811327,1
1910881,1
1821037,0
1910440,0
1910414,0
1910518,1
1830351,0
1811328,1
1910032,0
1831118,0
1831327,0
1830429,0
1810841,0
1910511,0
1831451,0
1831153,0
1820416,0
1840595,1
1810371,0
1820646,0
1841102,0
1810262,1
1910227,0
1830597,0
1811409,0
1820740,0
1830875,0
1911283,0
1910766,0
1810861,0
1840692,0
1820599,0
1911354,0
1820220,0
1820450,0
1910656,0
1840752,0
1830897,0
1830318,0
1810989,1
1820791,0
1840963,0
1810888,1
1820747,0
1841159,0
1821389,0
1910523,1
1830288,0
1840080,0
1820255,0
1840028,0
1810181,0
1840101,0
1821100,0
1830616,0
1820482,0
1810089,0
1811496,1
1820383,0
1910732,0
1821380,0
1841191,0
1811187,0
1811134,0
1840490,0
1840731,0
1820254,1
1830647,0
1841299,1
1831475,0
1831337,1
1840194,1
1810782,0
1840603,0
1841104,0
1810204,1
1840364,0
1910999,0
1831490,0
1821072,0
1831222,0
1810979,0
1820085,0
1840184,0
1821292,1
1911391,0
1841303,0
1820815,0
1841110,0
1830830,0
1820280,1
1910165,0
1811472,0
1821229,1
1841445,1
1841017,0
1910418,1
1840452,0
1810142,0
1840562,0
1821506,0
1910298,0
1820364,0
1811425,0
1910920,1
1840377,1
1831086,0
1820661,0
1910567,0
1841048,0
1830128,1
1811343,0
1811397,0
1820939,0
1840647,0
1830967,0
1910410,0
1840642,1
1910736,0
1810648,0
1810382,0
1831504,0
1911252,0
1821241,0
1820094,0
1830055,0
1841416,0
1910244,0
1811491,0
1820013,0
1840058,0
1810092,0
1830348,0
1830026,0
1810106,0
1820029,0
1811342,0
1821165,0
1910572,0
1830117,0
1840825,0
1811263,0
1911007,0
1811427,1
1840089,1
1911489,0
1810946,0
1840405,1
1840819,0
1840191,0
1810615,0
1810903,0
1810486,0
1811219,0
1830374,0
1831250,1
1820793,0
1910635,0
1910378,1
1820809,0
1840863,1
1820362,0
1840992,0
1820201,1
1911287,1
1820170,0
1821135,0
1810317,0
1820871,0
1831085,0
1820580,0
1910052,0
1840969,0
1910289,1
1830925,0
1820341,0
1831487,1
1810386,1
1910652,0
1840627,0
1830112,0
1840109,0
1820573,0
1810012,1
1820928,0
1830675,0
1810159,0
1841122,1
1830385,1
1910338,0
1911047,0
1820388,0
1841369,0
1830314,0
1840449,0
1831238,0
1841132,0
1831434,0
1810408,1
1810719,0
1810054,0
1830556,0
1821114,1
1811172,0
1810862,1
1810361,0
1910568,0
1820548,1
1831155,0
1831226,0
1911336,1
1830789,0
1841296,0
1820193,1
1810728,0
1830706,0
1840338,0
1830432,0
1830742,0
1841018,1
1820718,0
1840365,1
1811432,0
1831182,0
1830129,0
1810431,0
1821316,0
1910233,0
1841457,0
1910756,0
1820864,0
1831368,0
1840858,0
1820284,0
1830930,0
1820620,0
1830212,0
1840324,1
1810668,0
1820064,0
1811391,0
1840111,0
1840041,1
1911458,0
1830156,0
1840078,0
1820768,0
1830443,1
1810318,1
1811293,0
1840713,0
1821056,0
1841150,0
1821426,0
1820380,0
1910848,0
1910271,0
1821062,0
1831493,1
1911281,0
1830728,0
1910719,0
1910305,0
1841112,0
1821303,0
1910959,0
1910583,0
1911368,0
1821439,1
1821085,0
1830743,0
1910974,0
1820371,0
1811232,1
1910715,0
1820313,0
1810465,1
1830144,1
1910790,0
1820601,0
1910773,0
1831357,0
1830540,0
1820022,1
1821377,0
1840870,1
1910119,0
1810250,1
1910998,0
1811011,0
1840675,0
1830096,0
1910254,0
1831401,0
1840579,1
1830430,0
1811470,1
1820112,0
1910297,1
1821310,1
1811319,0
1820762,1
1831123,0
1810964,0
1830169,1
1820511,0
1830382,0
1840782,0
1831329,0
1831003,1
1910563,0
1820873,0
1830051,0
1840937,0
1820049,0
1830072,0
1840283,0
1831351,0
1810872,0
1911356,0
1810702,1
1820100,0
1831092,0
1810420,0
1820078,1
1830785,0
1820338,0
1841311,0
1820662,0
1831365,0
1911123,0
1911018,1
1911301,0
1840824,0
1840639,0
1830797,1
1840607,0
1840591,0
1820912,1
1830619,0
1820069,0
1911067,0
1910723,1
1840668,0
1830248,0
1910012,0
1810292,0
1810357,0
1831242,1
1820404,0
1820980,0
1821476,0
1821428,0
1841516,0
1810100,1
1810025,0
1811353,0
1840408,0
1810688,0
1820053,0
1810813,0
1910095,0
1820674,0
1811279,0
1911400,0
1910883,0
1810349,0
1821319,0
1840118,0
1840425,0
1811178,0
1820355,0
1810659,0
1830679,1
1810050,0
1911042,1
1821011,0
1820018,0
1911352,0
1810468,0
1820081,0
1820431,0
1820073,1
1820463,0
1911500,0
1911299,0
1841076,1
1821251,1
1830482,0
1910356,0
1820665,0
1810923,0
1911290,0
1841420,1
1840505,0
1840021,0
1810926,0
1911407,0
1820002,0
1910146,0
1830266,0
1910937,0
1811138,0
1840707,0
1830528,0
1811177,0
1811462,0
1810444,0
1830852,0
1831026,0
1830062,0
1821418,1
1830885,1
1831164,0
1811435,1
1821324,0
